Category,Total_Term_Frequency,N_Cases,TFIDF
Innovating,51373,705,5.665513023284259
Operationalizing,8833,595,3.6725261028497447
Prognosticating,7778,525,5.519391664177306
Synchronizing,3994,436,5.114374824487207
