Category,Total_Term_Frequency,N_Cases,TFIDF
Advanced_Air_Mobility,14624,558,8.609396909317303
Aircraft_Efficiency_and_Fleet_Optimization,9232,499,8.14519441084585
Electrification_of_Aviation,27678,675,5.664777879217864
Hydrogen_Powered_Aviation,13478,562,7.7069501365787225
Innovating,8473,561,4.880540490583071
Operationalizing,5300,537,3.6208271036792485
Prognosticating,7010,513,5.637887253644967
Sustainable_Aviation_Fuels,67861,606,27.545635809072177
Synchronizing,3750,426,5.267814111654722
